{
  "signIn": "Sign In",
  "signOut": "Sign Out",
  "connect": "CONNECT",
  "noSupport": "Please open Pantograph extension supporting browsers such as Chrome or Firefox.",
  "onlySupportNetwork": "Network is not matched. Please check the network of your application.",
  "warnInternerOffline": "Yoshimoto Digital Koreka currently works in Offline mode. Please check your network connection!!",
  "warnInternerOnline": "Internet connection is back",
  "txtWarningActiveMetaMask": "Please activate wallet first.",
  "txtWarningInstallMetaMask": "Please install Pantograph first.",
  "txtWarningSigninMetaMaskError": "Connect Error. Please try again!",
  "common": {
    "back": "Back",
    "backToHome": "Back to Homepage",
    "yes": "Yes",
    "no": "No",
    "next": "Next",
    "uploading": "Uploading...",
    "create": "Create",
    "learnMore": "Learn more",
    "noInfo": "No information",
    "amount": "Amount",
    "total": "Total",
    "choose": "Choose",
    "cancel": "Cancel",
    "search": "Search",
    "ok": "OK",
    "delete": "Delete",
    "copyRight": "Copyright © 2021 Miss SAKE HYOGO All Rights Reserved.",
    "noData": "No Data",
    "copied": "Copied"
  },
  "form": {
    "pleaseUseOnlyNumber": "Please use only number.",
    "pleaseInputNumber": "Please input a integer number!",
    "notSupport": "File type is not support",
    "notSupportVideo": "File type is not support! Only support MP4 or MOV file type",
    "smallerThan2MB": "File size must smaller than 2MB!",
    "smallerThan10MB": "File size must smaller than 10MB!",
    "uploadVideoFailed": "Uploading video is failed. Please try to upload again!",
    "pleaseInputYourName": "Please input your name",
    "pleaseInputYourMobilePhone": "Please input mobile phone",
    "pleaseInputBillingAddress": "Please input billing address",
    "pleaseInputCardNumber": "Please input card number",
    "pleaseInputCardExpiry": "Please input expiry date",
    "pleaseInputCardCVC": "Please input card cvc",
    "pleaseInputCardHolderName": "Please input card holder name",
    "pleaseInputPostalCode": "Please input postal code",
    "pleaseInputCorrectPostalCode": "Please input correct postal code",
    "pleaseInputYourEmail": "Please input your email",
    "pleaseInputCorrectEmailFormat": "Please input correct email format",
    "searchCardAsset": "Search Card Asset",
    "pleaseUnder5mb": "Please Under 5mb"
  },
  "errors": {
    "notEnoughGas": "Not enough gas fee",
    "deniedTransaction": "Error: User denied process",
    "somethingWrong": "Something went wrong with your transaction. Please wait a minute and try again.",
    "insufficientBalance": "Insufficient balance",
    "invalidAddress": "Invalid ID (42 characters start with 0x)",
    "numberMustGreaterThanZero": "The number must be greater than zero!",
    "numberMustGreaterThan": "The number must be greater than [number]!",
    "noLogin": "Are you sure you want to proceed?",
    "txtNoLogin": "register (Sign in)",
    "notAllowed": "You are not allowed to create NFT",
    "pageNotFound": "PAGE NOT FOUND",
    "weCanNotSeem": "We can't seem to find the page you’re looking for.",
    "dontDailyBonus": "You don't have enough DAILY BONUS",
    "dontYoshimotoken": "You don't have enough YOSHIMOTOKEN"
  },
  "guide": {
    "startYoshimoto": "Start Yoshimoto Digital Koreka",
    "wannaDescript": "As the first step please Log in or register ID using Pantograph extension or application.",
    "supportedDevices": "Supported devices",
    "chromeStore": "Get from Web Store",
    "signInMetamask": "Sign in to Pantograph",
    "openBrowserMetamask": "Open up your browser's Pantograph extension.",
    "chooseWayToInstall": "CHOOSE WAY TO INSTALL",
    "walletIsNotAccess": "YOUR APPLICATION ISNT ACCESSIBLE"
  },
  "policy": {
    "title": "Privacy Policy"
  },
  "terms": {
    "title": "Terms of Use",
    "titleMarket": "デジタルコレカマーケット\n利用規約"
  },
  "download": {
    "title": "Download",
    "youCanDownload": "You can download and install the application here",
    "plsConnectWithApp": "Please connect with the app",
    "plsUseFollowingBrowsers": "Please use the following browsers",
    "plsUseFromApp": "Please use from app",
    "youCanGetDailyBonus": "You can get a DAILY BONUS when you use the app"
  },
  "howToUse": {
    "howDoIReceiveNFTTOKEN": "How do I receive NFT & TOKEN?",
    "step1": "STEP 1. INSTALL",
    "keyringProApp": "KEYRING PRO APP",
    "aSpecializedAppIsRequiredToReceiveNFTToken": "A specialized app is required to receive NFT & Token",
    "step2": "STEP 2. CREATE ACCOUNT ON TOMOCHAIN",
    "open": "Open",
    "keyringPro": "KEYRING PRO",
    "chooseLanguage": "Choose language",
    "createNewAccount": "Create new account",
    "selectTomoChain": "Select TomoChain",
    "clickCreate": "Click Create",
    "step3": "STEP 3. CONNECT WALLET",
    "openMissSAKEWebsiteChooseConnectToWalletAndBeLinkedToKEYRINGPRO": "Open Miss SAKE website , choose “Connect to wallet” and be linked to KEYRING PRO",
    "clickOnConnectToWallet": "Click on “Connect to wallet”",
    "selectKEYRINGPROIconAndYourKEYRINGPROappWillBeAutomaticallyOpened": "Select KEYRING PRO icon and your KEYRING PRO app will be automatically opened.",
    "chooseTheAccountYouWouldLikeToConnect": "Choose the account you would like to connect.",
    "step4": "STEP 4. SCAN QR CODE",
    "scanQRCodeUsingKEYRINGPROAppToReceiveNFTToken": "Scan QR Code using KEYRING PRO app to receive NFT & Token",
    "step5": "STEP 5. CHECK ON MISS SAKE WEBSITE",
    "loginToMissSAKEWebsiteAndCheckIfYouReceived": "Login to Miss SAKE website and check if you received"
  },
  "maintenance": {
    "title": "Currently the web is under maintenance.",
    "desc": "We apologize for any inconvenience, please wait a moment."
  },
  "connectApp": {
    "connectWebsiteWith": "Connect this website with",
    "connectUsing": "Connect using",
    "connectTo": "Connect wallet",
    "connectToAWallet": "Connect to a wallet",
    "pantographExtension": "Pantograph extension",
    "metamask": "Metamask",
    "connectToMetamask": "Connect to your MetaMask Wallet",
    "walletConnect": "WalletConnect",
    "scanWithWalletConnect": "Scan with WalletConnect to connect",
    "useAppToScanQRcode": "Scan this QR Code with the below apps to begin",
    "disconnect": "Logout",
    "copyToClipboard": "Copy to clipboard",
    "qrCodeWillUnavailable": "The QR Code above will become unavailable if you turn this off"
  },
  "home": {
    "title": "Home",
    "banner": {
      "explore": "Explore",
      "turnYour": "TURN YOUR GAMING<br />PASSION INTO NFTS"
    }
  },
  "store": {
    "title": "Store"
  },
  "market": {
    "title": "NFT MARKET",
    "des": "THE WORLD'S FIRST AND LARGEST NFT MARKETPLACE",
    "buyNow": "BUY NOW",
    "items": "items"    
  },
  "mainNav": {
    "menu": "Menu",
    "trade": "Trade",
    "bridge": "Bridge",
    "whitepaper": "Whitepaper",
    "profile": "Profile"
  },
  "footer": {
    "joinTheMovement": "Join the movement!",
    "weAreGuardians": "#WeAreGuardians",
    "termsAndConditions": "Terms of conditions",
    "privacy": "Privacy policy",
    "disclaimer": "Disclaimer"
  },
  "nft": {
    "viewAll": "View all",
    "buyNow": "Buy now",
    "byClickingOnAboveButtonsYouAgreeAbout": "By clicking on above buttons you agree about ",
    "termsOfServices": "Terms of services",
    "seller": "SELLER",
    "startDate": "START DATE",
    "storeId": "STORE ID",
    "comment": "COMMENT",
    "marketCap": "Market Cap",
    "price": "PRICE",
    "highestTradingPrice": "Highest trading price",
    "lowestTransactionPrice": "Lowest transaction price",
    "averageTransactionPrice": "Average transaction price",
    "lastTransactionPrice": "Last transaction price",
    "similarItems": "Similar Items",
    "retrieve": "Retrieve",
    "changePrice": "Change price",
    "retrieveItem": "Retrieve item",
    "areYouSureYouWouldLikeToRetrieveIt": "Are you sure you would like to retrieve it?",
    "confirmRetrievement": "Confirm retrievement",
    "yourRetrievementHasStarted": "Your retrievement has started",
    "itemRetrievedSuccessfully": "Item retrieved successfully!",
    "waitingForBuyer": "Waiting for buyer...",
    "waitingForSwap": "Swaping",
    "oldPrice": "Old price",
    "newSellingPrice": "New selling price",
    "confirmPriceChange": "Confirm price change",
    "yourPriceChangeHasStarted": "Your price change has started",
    "priceChangedSuccessfully": "Price changed successfully!",
    "buynft": "Buy NFT",
    "areYouSureYouWouldLikeToBuyIt": "Are you sure you would like to buy it?",
    "buy": "Buy",
    "approveYourPointForBuying": "Approve your point for buying",
    "approveYourPointForSending": "Confirm sending",
    "confirmTrade": "Confirm buy",
    "yourTransactionHasStarted": "Your transaction has started",
    "itemBoughtSuccessfully": "Item bought successfully!",
    "buyMore": "Buy more",
    "goToMarket": "Go to market",
    "confirm": "Confirm",
    "amount": "Amount",
    "new": "New",
    "high": "High",
    "low": "Low"
  },
  "packageItem": {
    "buy" : "BUY",
    "selectHowMany": "Select how many packs to purchase"
  },
  "userProfile": {
    "ViewExplorer": "View Explorer",
    "uploadFailed": "Upload Failed",
    "editProfile": "Edit Profile",
    "username": "Username",
    "update": "Update"
  },
  "myNFT": {
    "title": "My NFTs",
    "details": "Details",
    "send": "Send",
    "sell": "Sell",
    "play": "Play",
    "retrieve": "Retrieve",
    "receiverAddress": "Receiver address",
    "confirmSending": "Confirm sending",
    "waitingForBlockchainConfirmation": "Please wait for a while",
    "yourSendingHasStarted": "Your sending has started",
    "tomoNetworkIsProcessingYourTransactionWhichCanTakeALittleWhile": "Please wait for a while",
    "itemSentSuccessfully": "Card sent successfully!",
    "unlockYourItemForSelling": "Confirm selling",
    "confirmSell": "Confirm selling",
    "yourTransactionHasStarted": "Your selling has started",
    "itemOnSellSuccessfully": "Card on sell successfully!",
    "sellItem": "Sell card",
    "howToUse": "How to use",
    "sellingPrice": "SELLING PRICE",
    "comissionFee": "COMISSION FEE",
    "OfSellingPrice": "of selling price",
    "commissionFeeWillBeChargedImmediatelyFromYourBuyerWhenThisItemIsBought": "Commission fee will be charged immediately from your buyer when this item is bought.",
    "yourNetRevenue": "YOUR NET REVENUE",
    "choosePaymentMethod": "CHOOSE PAYMENT METHOD",
    "comment": "COMMENT",
    "sellingFee": "SELLING FEE",
    "listingCardsOnTheMarketIsFree": "Listing cards on the market is free.",
    "changeSellingPrice": "CHANGE SELLING PRICE",
    "asLongAsThereHasNotYeBeenAnyBuyerYouCanChangeTheSellingPriceOfYourItem": "As long as there has not yet been any buyer, you can change the selling price of your item.",
    "cancelSelling": "CANCEL SELLING",
    "asLongAsThereHasNotYetBeenAnyBuyerYouCanCancelSellingYourItem": "As long as there has not yet been any buyer, you can cancel selling your item.",
    "selling": "Selling",
    "tokenFeeSend": "You need [tokenFee] to send",
    "category": "Category",
    "package": "Packages",
    "allCategories": "All categories",
    "All": "All",
    "items": "items"
  }
}
